{
  "ms": [
    500,
    1000,
    1500,
    2000,
    2500,
    3000,
    3500,
    4000,
    4500,
    5000,
    5500,
    6000,
    6500,
    7000,
    7500,
    8000,
    8500,
    9000,
    9500,
    10000
  ],
  "dims": [
    5,
    25,
    100
  ],
  "error_mean": {
    "fd": {
      "5": [
        0.05615439105553284,
        0.04051049332911361,
        0.033153772082998634,
        0.03109824106783948,
        0.026280492027704206,
        0.02391187898029673,
        0.022066326479482,
        0.020609971273813876,
        0.018495033913696585,
        0.019032317827236224,
        0.017875403617217712,
        0.017390262466529697,
        0.015552238018326439,
        0.015721138583823128,
        0.01448503628254798,
        0.014213498337524336,
        0.013926738610682315,
        0.013361457089220315,
        0.01327910485776309,
        0.013409780418460332
      ],
      "25": [
        0.09015009494879357,
        0.06493665067284522,
        0.05052504885129564,
        0.04301266853842647,
        0.038625228200005635,
        0.036991184888644994,
        0.0345557913493231,
        0.03143081820929225,
        0.03091178124800031,
        0.02689631566211664,
        0.026901562584062972,
        0.02558797185798251,
        0.02533403082353717,
        0.022886768083689397,
        0.022739044281980748,
        0.02044021399306717,
        0.02108390809809792,
        0.021422650996779893,
        0.018961766204399405,
        0.01936380108727352
      ],
      "100": [
        0.15566942684168605,
        0.10488029691269492,
        0.09035436335008745,
        0.08208100154982492,
        0.06886695336184141,
        0.06431308769098175,
        0.056224368633060844,
        0.05532590789293122,
        0.052090072877094065,
        0.047680372293378154,
        0.048216797343162275,
        0.04480704784457384,
        0.04492123253451353,
        0.041181397089146414,
        0.04037943052858513,
        0.03824099011575845,
        0.03599142553223951,
        0.03562393933744441,
        0.034925233485959085,
        0.033716924715283765
      ]
    }
  },
  "error_ci": {
    "fd": {
      "5": [
        0.0037624346348441584,
        0.0028987269931226856,
        0.0023387158021916377,
        0.0020663691934806917,
        0.0016519013713796153,
        0.0017271578162639384,
        0.0014398094346405842,
        0.001434492614398989,
        0.0013382403109356393,
        0.001282650109931796,
        0.0012065119916373733,
        0.0011645883738784016,
        0.0010412041232237216,
        0.0010941293990237404,
        0.000950304001844992,
        0.0009748392415516172,
        0.000957008105285196,
        0.0008706498325743058,
        0.0008457918211693984,
        0.0008957789664159298
      ],
      "25": [
        0.005956433930392746,
        0.004292252282594541,
        0.0034189179532305436,
        0.002943548123183523,
        0.0025829455637712898,
        0.0026226691246697825,
        0.002359653840928129,
        0.0019834721954853293,
        0.001979470070774366,
        0.0018414116821122324,
        0.0017533315345511294,
        0.0018276967201654969,
        0.0015230599785106373,
        0.0014943755523824445,
        0.001492571749011292,
        0.001432550391019017,
        0.0014575540741124417,
        0.001465325049452234,
        0.0012462705375950456,
        0.0012637162219882765
      ],
      "100": [
        0.010138427726483185,
        0.006662909003445447,
        0.006283998315693887,
        0.005554626733439122,
        0.0044933262022340825,
        0.004370189494360285,
        0.003926468930071515,
        0.0037262586563581446,
        0.003388419874080839,
        0.0032540405722314286,
        0.0030469234258012623,
        0.0029466418009129816,
        0.0028651620615606846,
        0.0026284904171666734,
        0.00265463217466317,
        0.002595750480613529,
        0.002231837096182694,
        0.0022356541175242925,
        0.0024507837239785696,
        0.0025125858039310098
      ]
    }
  },
  "time_mean": {
    "fd": {
      "5": [
        3.512365810456686e-05,
        5.38238400768023e-05,
        7.526207402406726e-05,
        9.991691826144233e-05,
        0.00011173272971063852,
        0.0001301349919376662,
        0.00014799439800844993,
        0.00016919542213145178,
        0.0001861529901216272,
        0.0002076889102172572,
        0.00022365576011361554,
        0.00023877217789413407,
        0.000260080968044349,
        0.0002819778422272066,
        0.00030129556389874777,
        0.00032158841575437693,
        0.0003444101640343433,
        0.00035334408599010204,
        0.0003833829338836949,
        0.00039648927802045364
      ],
      "25": [
        0.0002205903360445518,
        0.0003774844999279594,
        0.0006005499999155291,
        0.000693589003625675,
        0.0011599788300081855,
        0.0032365956419089345,
        0.0013060011522175047,
        0.0013202512518764706,
        0.0014622748040710575,
        0.0014213904160424137,
        0.0013548271779873174,
        0.0018081941000564258,
        0.001997831083834171,
        0.002395719076070236,
        0.0020316574479948032,
        0.002770228252207744,
        0.002259443334172829,
        0.0024107020778465086,
        0.0027311834739812183,
        0.002687321720091859
      ],
      "100": [
        0.0011414470056333812,
        0.0024768484459491446,
        0.003280843965971144,
        0.007918167784067918,
        0.0070115400902577675,
        0.004532702261960367,
        0.005113828421861399,
        0.00760014181798033,
        0.008186804177967133,
        0.007094575811817777,
        0.008932982601996627,
        0.008405303056148113,
        0.011776212992117507,
        0.016865370002138662,
        0.011421830854014842,
        0.013589085165818688,
        0.01680540926803951,
        0.014824528654033203,
        0.016446015655936206,
        0.01753976824610436
      ]
    }
  },
  "time_ci": {
    "fd": {
      "5": [
        5.695751930034031e-07,
        2.3457287388737078e-07,
        1.6418329581938405e-06,
        4.4638750889134835e-06,
        6.078917500417457e-07,
        5.910713611228841e-07,
        5.461384957015925e-07,
        4.165114085481227e-07,
        5.410402260167793e-07,
        2.2860503449921164e-07,
        8.480882210278842e-07,
        6.899890780914623e-07,
        7.788599985360874e-07,
        5.670007620210173e-07,
        4.0783310796538427e-07,
        1.7381947589456136e-06,
        2.3733593745419107e-06,
        9.991862007154451e-07,
        2.7563162337174065e-06,
        2.8117752975958957e-06
      ],
      "25": [
        2.8628007945007958e-05,
        5.432317000195322e-05,
        8.003241897604305e-05,
        0.0001310805150456871,
        0.000493134470910081,
        0.002314407275159101,
        0.00013976412927077042,
        0.0002933807291712581,
        0.00031771467844337177,
        0.00012957169012515796,
        0.00010738123369592365,
        0.0001481865307534462,
        0.0005172651051339925,
        0.00025561030073658914,
        0.00018378933947169572,
        0.00041236667343509887,
        0.00010855752717579912,
        0.00014047423505144253,
        0.00017205574126492136,
        0.00015488366575664271
      ],
      "100": [
        6.387619362685656e-05,
        0.0010705589020457403,
        0.0006960738758563811,
        0.0015692530723277736,
        0.0014434336392812825,
        0.00019709202573467248,
        0.0003761663024655715,
        0.00033293126215212365,
        0.0007791944422788216,
        0.00027711873211956096,
        0.00038575082497663976,
        0.0002321345519587341,
        0.0007209117619742765,
        0.0019174302170398734,
        0.0003805497297569675,
        0.0009134050140597542,
        0.002160829194564576,
        0.0004631863891430832,
        0.0008372993664404957,
        0.0009127345356813726
      ]
    }
  }
}
