{
  "ms": [
    1000,
    1500,
    2000,
    2500,
    3000,
    3500,
    4000,
    4500,
    5000
  ],
  "dims": [
    5,
    25,
    100
  ],
  "error_mean": {
    "wim": {
      "5": [
        0.2555731491288895,
        0.22074802233279803,
        0.1998152350760842,
        0.18473374129748044,
        0.18629445631446517,
        0.19493219994613678,
        0.20096039737983404,
        0.2100719433686918,
        0.21843424457515864
      ],
      "25": [
        2.7209821989518086,
        2.636931238516576,
        2.577726885900368,
        2.534031148915955,
        2.507974709623113,
        2.495845814824631,
        2.4878192944767537,
        2.4817442485841186,
        2.477166996470205
      ],
      "100": [
        8.00102767234852,
        7.903334436021392,
        7.836901061254337,
        7.786717102681812,
        7.756672395322328,
        7.736789701422335,
        7.724347123980006,
        7.714448184890697,
        7.706011579614575
      ]
    }
  },
  "error_ci": {
    "wim": {
      "5": [
        0.002868745200998489,
        0.0023914189051776344,
        0.0020753408176578695,
        0.0018781481148746552,
        0.0016835701310987693,
        0.0015620656178963078,
        0.001440199984102892,
        0.0013014835477176267,
        0.0013560736626301436
      ],
      "25": [
        0.002230169892285184,
        0.0017478338818981286,
        0.0015001865766815805,
        0.0013779938652043655,
        0.0012428350317079456,
        0.0012356938746046447,
        0.0010981689466315245,
        0.001052325072780181,
        0.000991746230882467
      ],
      "100": [
        0.002191381247664986,
        0.001862829195616701,
        0.0015913722306731437,
        0.0014032455430569304,
        0.0012733286562028362,
        0.0010807624653987556,
        0.0010898649177595934,
        0.0010070924282189117,
        0.0009462949799033244
      ]
    }
  },
  "time_mean": {
    "wim": {
      "5": [
        0.08798865311800363,
        0.21583890000799646,
        0.4206574142759987,
        0.5417833954999947,
        0.6974431482279965,
        0.8950254888480058,
        1.0725995722499875,
        1.3006516657020029,
        1.4888086623260088
      ],
      "25": [
        0.08084011264198852,
        0.20335158041400428,
        0.395756726456013,
        0.5698055237340177,
        0.6967904184940162,
        0.8758449511000326,
        1.0665805451840316,
        1.2761245898880025,
        1.466379509704002
      ],
      "100": [
        0.08142370599403512,
        0.20258622224805367,
        0.38951921900992237,
        0.5846519808939665,
        0.7077161988260159,
        0.8825831679459952,
        1.0761686765780323,
        1.2917364225259735,
        1.491026773341946
      ]
    }
  },
  "time_ci": {
    "wim": {
      "5": [
        0.0008765953051354015,
        0.0005558227886565844,
        0.0015326332295083592,
        0.0014915581127203678,
        0.0013722380136609216,
        0.0014813373072602844,
        0.0011730629476835858,
        0.0020349270431912476,
        0.0018722365093200792
      ],
      "25": [
        0.0002685758869592874,
        0.00048389852694247123,
        0.0008448805501480135,
        0.0012543061354841987,
        0.000726466312929519,
        0.000911690462738691,
        0.000778373037436976,
        0.0009625370593558521,
        0.0011766858561129009
      ],
      "100": [
        0.0003237088793034278,
        0.00048340079874087464,
        0.000740210822115154,
        0.0018535801270778863,
        0.0005736859780067658,
        0.0007562167432848283,
        0.0012577158871548047,
        0.0014727801113769345,
        0.0011850679072894328
      ]
    }
  }
}