{
  "ms": [
    1000,
    1500,
    2000,
    2500,
    3000,
    3500,
    4000,
    4500,
    5000
  ],
  "dims": [
    5,
    25,
    100
  ],
  "error_mean": {
    "kl": {
      "5": [
        0.07404510447403397,
        0.05508540945304702,
        0.05086426793457636,
        0.04231694643937191,
        0.03934426962627377,
        0.035582092224289555,
        0.0334860888199632,
        0.03146672006000502,
        0.029225335098087776
      ],
      "25": [
        1.2357570201462729,
        1.235792809382159,
        1.235800288015594,
        1.235778984664929,
        1.2357940722885554,
        1.2357872741508302,
        1.2357811245079264,
        1.2357849670279664,
        1.2357855836274307
      ],
      "100": [
        4.17077673042688,
        4.17077673042688,
        4.17077673042688,
        4.17077673042688,
        4.17077673042688,
        4.17077673042688,
        4.17077673042688,
        4.17077673042688,
        4.17077673042688
      ]
    }
  },
  "error_ci": {
    "kl": {
      "5": [
        0.004721879916660648,
        0.0037021019272591798,
        0.0032311778979528722,
        0.0027619075231792673,
        0.002602981609168058,
        0.0023545304620660405,
        0.0021771684133955025,
        0.002046741371523403,
        0.001845085597305168
      ],
      "25": [
        2.3080583068015676e-05,
        2.1605270778004413e-05,
        2.0137418966851376e-05,
        1.6606131216649942e-05,
        1.6738959536468976e-05,
        1.3055481840852004e-05,
        1.151620889768075e-05,
        1.1044564426458977e-05,
        1.048309336427245e-05
      ],
      "100": [
        1.5586048058051753e-16,
        1.5586048058051753e-16,
        1.5586048058051753e-16,
        1.5586048058051753e-16,
        1.5586048058051753e-16,
        1.5586048058051753e-16,
        1.5586048058051753e-16,
        1.5586048058051753e-16,
        1.5586048058051753e-16
      ]
    }
  },
  "time_mean": {
    "kl": {
      "5": [
        0.005431843981998554,
        0.011318107346002762,
        0.017715945256006307,
        0.026721023080001943,
        0.03802248307200398,
        0.05141551758399146,
        0.06689218141801302,
        0.08451921107000362,
        0.10454866972598484
      ],
      "25": [
        0.01472539636197871,
        0.032997317906003444,
        0.059853742653966036,
        0.08511571418001404,
        0.12209764157399695,
        0.16528179373799504,
        0.21270171696998294,
        0.2686791338559742,
        0.3273135201879577
      ],
      "100": [
        0.06887001167596464,
        0.1518182994120034,
        0.2679632694920692,
        0.4086462867780428,
        0.5802309234179848,
        0.7832499926539713,
        1.01732948123803,
        1.2825678467480028,
        1.5790608025900292
      ]
    }
  },
  "time_ci": {
    "kl": {
      "5": [
        0.00013768138625165836,
        0.00011050273717217453,
        5.7660765957345e-05,
        6.606627605854781e-05,
        8.408332641169665e-05,
        9.313404749802336e-05,
        0.00013580195750027182,
        0.00015135178605315343,
        0.000162963883665612
      ],
      "25": [
        0.0005607458452198939,
        0.0009489624700922505,
        0.001722848119784747,
        0.0004898502760368359,
        0.0006725709008707791,
        0.0010755274443645234,
        0.00037412302777258514,
        0.00024779523382274435,
        7.793956406394026e-05
      ],
      "100": [
        0.00036601688132854,
        0.00020266750198735472,
        0.00021650131657816916,
        0.0001437275830581465,
        0.0003780599919966431,
        0.0002982417720687548,
        0.0005848193444304198,
        0.0008986526218820188,
        0.0006416083624945781
      ]
    }
  }
}
