{
  "ms": [
    500,
    1000,
    1500,
    2000,
    2500,
    3000,
    3500,
    4000,
    4500,
    5000,
    5500,
    6000,
    6500,
    7000,
    7500,
    8000,
    8500,
    9000,
    9500,
    10000
  ],
  "dims": [
    5,
    25,
    100
  ],
  "error_mean": {
    "mean": {
      "5": [
        0.10263646209335116,
        0.07211929965636801,
        0.05862620633451718,
        0.05009224727568925,
        0.04467228652239816,
        0.042760635805357654,
        0.038916713395649824,
        0.03749608839778749,
        0.03410386110682627,
        0.03216572645426326,
        0.03028110944463569,
        0.02940026101361873,
        0.027554873108241472,
        0.02765614609833638,
        0.025749257109975533,
        0.02571760949911924,
        0.02486783592658201,
        0.02374793337656349,
        0.02356905725310063,
        0.022945668003839934
      ],
      "25": [
        0.24332257421373873,
        0.16871971775883168,
        0.13785343900119493,
        0.11988051046756998,
        0.10932235663152826,
        0.09808146177728767,
        0.09104626643231063,
        0.08610508698426506,
        0.07951820230199706,
        0.07568735507831689,
        0.07392228273467878,
        0.06971840168416504,
        0.06660955554092775,
        0.06498315805247121,
        0.06266088680197399,
        0.060393442614751526,
        0.05899319265145273,
        0.05710403923236304,
        0.05451911108426968,
        0.05400058124347277
      ],
      "100": [
        0.48935959783000804,
        0.344935880172831,
        0.28202907662524096,
        0.24390620543590136,
        0.21785482632275288,
        0.1981330537803702,
        0.1847819560369406,
        0.17167834028872173,
        0.16353351301037067,
        0.1543422033386273,
        0.1471498908375256,
        0.1415353950318767,
        0.13513585241809578,
        0.12957072316555454,
        0.12529179722532188,
        0.12195877876616916,
        0.11836266394163593,
        0.11426624290075883,
        0.11165127989657433,
        0.11006151289846512
      ]
    }
  },
  "error_ci": {
    "mean": {
      "5": [
        0.0032818674715835716,
        0.002525462486607871,
        0.0020461272767989397,
        0.0018115619409111994,
        0.0014470110600477634,
        0.0014488200160614473,
        0.0014225168755043413,
        0.0012533791331795843,
        0.001244032272586619,
        0.001108503970024037,
        0.0009984174579981894,
        0.0009790993432202168,
        0.0009237863422573329,
        0.0009556412244067676,
        0.0008526719471665667,
        0.0008749860796676417,
        0.0008376421921159546,
        0.0008262753128397658,
        0.0008306232221484376,
        0.0008158564548199909
      ],
      "25": [
        0.004237040967522948,
        0.0029598681066059507,
        0.0022190520197104824,
        0.002085903349393972,
        0.0020264285598662612,
        0.001636545754865229,
        0.0015110079212880684,
        0.0014585841769526459,
        0.0013611294358204934,
        0.0013086885707451479,
        0.0012792557545312222,
        0.0011578997708338729,
        0.0012431474927030034,
        0.0010415304483377963,
        0.0010499567132050344,
        0.001040284005159063,
        0.0009932610898686842,
        0.001020409157150133,
        0.0008984759255112398,
        0.0008715667579647438
      ],
      "100": [
        0.003989291075015333,
        0.0029460665681663722,
        0.0023634233685680406,
        0.002141700953458503,
        0.0018499761222078304,
        0.0017056305423509832,
        0.0015267061318953168,
        0.001459626388451346,
        0.0015289269085467516,
        0.0012549211631467938,
        0.0012954781217545674,
        0.0012564081138771444,
        0.0012345308870735094,
        0.0010708924290745159,
        0.0010460065423421594,
        0.0010267198667871374,
        0.0010094282290880469,
        0.0009744240367147855,
        0.0008718127296524769,
        0.0009581053201398876
      ]
    }
  },
  "time_mean": {
    "mean": {
      "5": [
        9.972993779229e-06,
        1.286135203554295e-05,
        1.597825788485352e-05,
        2.321146009489894e-05,
        2.5468348016147503e-05,
        2.9377378144999966e-05,
        3.435089981940109e-05,
        3.9260774210561065e-05,
        4.2776702000992376e-05,
        4.702829428424593e-05,
        5.1207245807745495e-05,
        6.742667578510008e-05,
        8.059327602677513e-05,
        7.250091404421255e-05,
        7.594018396048341e-05,
        8.823386192671023e-05,
        8.757100802904461e-05,
        8.820343387196771e-05,
        0.0001242522800748702,
        0.0001254672417853726
      ],
      "25": [
        3.075365218683146e-05,
        4.1216174024157226e-05,
        5.8139414075412786e-05,
        8.12508997914847e-05,
        0.00013810744178772438,
        0.00011537173597025686,
        9.453232603846119e-05,
        0.0001468789801147068,
        0.00016454451221216003,
        0.00016880208415386732,
        0.00013605316988832782,
        0.00017375933194125538,
        0.00014450064220000058,
        0.0001873238259140635,
        0.00017586492183909285,
        0.00022373133391374723,
        0.00019730074620747474,
        0.0001965130820608465,
        0.00019391839990566952,
        0.00024559519394824747
      ],
      "100": [
        3.781026368960738e-05,
        6.686474186426494e-05,
        0.0001026956699497532,
        0.00012860042197280564,
        0.00012180699604505208,
        0.0001566046699299477,
        0.0001607289958774345,
        0.00019980074987688566,
        0.00020081175822997467,
        0.0002490272081195144,
        0.00023207382998953108,
        0.0002628836438525468,
        0.00030798764417704663,
        0.00030962501394969877,
        0.0003286235540144844,
        0.00035567343792354225,
        0.00037994901003548875,
        0.00038587299177015666,
        0.0004354866080684587,
        0.00043387249192164743
      ]
    }
  },
  "time_ci": {
    "mean": {
      "5": [
        4.7119009468588037e-07,
        1.2157306664448805e-07,
        5.635823654302066e-08,
        4.1062774282181625e-06,
        2.388279233127829e-06,
        3.201907332913838e-06,
        3.315821169599073e-06,
        4.336650891127645e-06,
        5.362780783252668e-06,
        4.768678842083314e-06,
        5.236050364692325e-06,
        9.207313010847434e-06,
        1.1415999586824891e-05,
        8.220924238412405e-06,
        7.957790993532398e-06,
        1.0705837726709426e-05,
        9.379602472472457e-06,
        7.161092419482882e-06,
        1.5019690115150288e-05,
        1.1490592277550585e-05
      ],
      "25": [
        1.3135484585291113e-05,
        2.7360802554903775e-05,
        1.8724103170825404e-05,
        3.682726029110199e-05,
        4.1982303213808315e-05,
        2.6666904513331197e-05,
        8.19339637600932e-06,
        2.8897810233320355e-05,
        4.2110176427377145e-05,
        3.981976377326644e-05,
        2.1529903980263044e-05,
        2.3742690731887693e-05,
        1.1039578870986587e-05,
        2.4017177039422683e-05,
        1.7613270656511318e-05,
        4.260872825725528e-05,
        2.6648849212142494e-05,
        2.289996889303435e-05,
        1.2664667148783306e-05,
        2.9952600769320278e-05
      ],