{
    "8": {
        "0": 0.0360244160037837,
        "1": 0.008881082998414058,
        "2": 0.007160500004829373,
        "3": 0.006727792002493516,
        "4": 0.006501791998744011,
        "5": 0.005488875001901761,
        "6": 0.007529916001658421,
        "7": 0.0064759589949972,
        "8": 0.005406958000094164,
        "9": 0.01005158299813047
    },
    "16": {
        "0": 0.015616457996657118,
        "1": 0.010402166997664608,
        "2": 0.00812949999817647,
        "3": 0.009667958998761605,
        "4": 0.0072975419971044175,
        "5": 0.01744762500311481,
        "6": 0.008028749994991813,
        "7": 0.009337625000625849,
        "8": 0.007110625003406312,
        "9": 0.008730082998226862
    },
    "24": {
        "0": 0.025820584000030067,
        "1": 0.01856416700320551,
        "2": 0.023928167000121903,
        "3": 0.017171417006466072,
        "4": 0.013602708997495938,
        "5": 0.0137719999984256,
        "6": 0.016322249997756444,
        "7": 0.013563957996666431,
        "8": 0.021438791998662055,
        "9": 0.019416916999034584
    },
    "32": {
        "0": 0.022733874997356907,
        "1": 0.023325832997215912,
        "2": 0.029560750001110137,
        "3": 0.020862292003585026,
        "4": 0.06254554200131679,
        "5": 0.018917166999017354,
        "6": 0.02036308300012024,
        "7": 0.02004233300249325,
        "8": 0.021311124997737352,
        "9": 0.055759875001967885
    },
    "40": {
        "0": 0.03814170799887506,
        "1": 0.040968166998936795,
        "2": 0.038850042001286056,
        "3": 0.030037375006941147,
        "4": 0.028413374995579943,
        "5": 0.034398834002786316,
        "6": 0.03316554199409438,
        "7": 0.03129375000571599,
        "8": 0.03472345900081564,
        "9": 0.02952295800059801
    },
    "48": {
        "0": 0.14040058400132693,
        "1": 0.06124045799515443,
        "2": 0.05805225000221981,
        "3": 0.047435499996936414,
        "4": 0.052076334002777,
        "5": 0.1466519160021562,
        "6": 0.05179800000041723,
        "7": 0.043022457997722086,
        "8": 0.05286399999749847,
        "9": 0.04936620800435776
    }
}