{
    "5": {
        "0": 0.7610127919979277,
        "1": 0.7288254169980064,
        "2": 0.7250179999973625,
        "3": 0.7520718750020023,
        "4": 0.7813453749986365,
        "5": 0.7465310830011731,
        "6": 0.740520250001282,
        "7": 0.7202690000049188,
        "8": 0.729474666994065,
        "9": 0.7202830410024035
    },
    "6": {
        "0": 0.879618291000952,
        "1": 0.8787527910026256,
        "2": 0.8874978340027155,
        "3": 0.9356328330031829,
        "4": 0.8877373750001425,
        "5": 0.8957943339992198,
        "6": 0.8848788750037784,
        "7": 0.8894933330011554,
        "8": 0.877109291999659,
        "9": 0.8769950830028392
    },
    "7": {
        "0": 1.0778338329982944,
        "1": 1.074119958000665,
        "2": 1.0817903749994002,
        "3": 1.096006125000713,
        "4": 1.0834832500040648,
        "5": 1.0939742920018034,
        "6": 1.084464207997371,
        "7": 1.0907045829953859,
        "8": 1.0728499159959028,
        "9": 1.074502167000901
    },
    "8": {
        "0": 1.2712615830023424,
        "1": 1.2727833749959245,
        "2": 1.2745242079981836,
        "3": 1.2842552500005695,
        "4": 1.3552663339942228,
        "5": 1.2968981250014622,
        "6": 1.2839006659996812,
        "7": 1.2838142499967944,
        "8": 1.2701013749974663,
        "9": 1.2703832080005668
    },
    "9": {
        "0": 1.5025587089985493,
        "1": 1.5017994590016315,
        "2": 1.5036974160029786,
        "3": 1.5171292500017444,
        "4": 1.6413157089991728,
        "5": 1.5504149580010562,
        "6": 1.5144576670063543,
        "7": 1.5233850840013474,
        "8": 1.5020722080007545,
        "9": 1.499503500002902
    },
    "10": {
        "0": 1.7809837910026545,
        "1": 1.752335334000236,
        "2": 1.784668790998694,
        "3": 1.7533895829983521,
        "4": 1.8206081660027849,
        "5": 1.7621781249981723,
        "6": 1.74960245800321,
        "7": 1.7580110830022022,
        "8": 1.7349402920008288,
        "9": 1.7349937920007505
    },
    "11": {
        "0": 2.1011960840041866,
        "1": 2.0535829159998684,
        "2": 2.019801791997452,
        "3": 2.017166666999401,
        "4": 2.078961832994537,
        "5": 2.020095832995139,
        "6": 2.022428291005781,
        "7": 2.058711833000416,
        "8": 2.071614458000113,
        "9": 2.0023165000020526
    },
    "12": {
        "0": 2.270953291998012,
        "1": 2.2633565409996663,
        "2": 2.2643737500038696,
        "3": 2.3386839170052554,
        "4": 2.334616291002021,
        "5": 2.3332245829951717,
        "6": 2.3467427079958725,
        "7": 2.2792971250019036,
        "8": 2.2620527500039316,
        "9": 2.2539937920009834
    },
    "13": {
        "0": 2.550591457998962,
        "1": 2.547770458004379,
        "2": 2.574553541999194,
        "3": 2.5718233329971554,
        "4": 2.57297929199558,
        "5": 2.602817541999684,
        "6": 2.5680036249978,
        "7": 2.5568974999987404,
        "8": 2.564104999997653,
        "9": 2.5384698750058305
    },
    "14": {
        "0": 3.031183624996629,
        "1": 3.0343646660039667,
        "2": 3.0642279160019825,
        "3": 3.058913874992868,
        "4": 3.072092166003131,
        "5": 3.2523983330029296,
        "6": 3.062583792001533,
        "7": 3.0263097080023726,
        "8": 3.0518005839985562,
        "9": 3.199132791000011
    },
    "15": {
        "0": 3.366227791993879,
        "1": 3.3664409589982824,
        "2": 3.4797182089969283,
        "3": 3.4407327080043615,
        "4": 3.5067684999958146,
        "5": 3.4489872089980054,
        "6": 3.391041957998823,
        "7": 3.483682999998564,
        "8": 3.3909715420013526,
        "9": 3.353574207998463
    },
    "16": {
        "0": 3.6908697500039125,
        "1": 3.6888360000011744,
        "2": 3.861954334002803,
        "3": 3.785268958003144,
        "4": 3.7982037920010043,
        "5": 3.774991916005092,
        "6": 3.739876625004399,
        "7": 3.702334540997981,
        "8": 3.716726957994979,
        "9": 3.680893707998621
    },
    "17": {
        "0": 4.056486000001314,
        "1": 4.05826249999518,
        "2": 4.424985374993412,
        "3": 4.12006824999844,
        "4": 4.277406624998548,
        "5": 4.172360040996864,
        "6": 4.0814715000014985,
        "7": 4.057228624995332,
        "8": 4.069757749995915,
        "9": 4.03786045799643
    },
    "18": {
        "0": 4.449041125000804,
        "1": 4.473260457998549,
        "2": 4.511533416996826,
        "3": 4.482121916000324,
        "4": 4.575146499999391,
        "5": 4.593743124998582,
        "6": 4.577777709004295,
        "7": 4.403835083001468,
        "8": 4.415396500000497,
        "9": 4.392777542001568
    },
    "19": {
        "0": 4.868477833995712,
        "1": 4.830872375001491,
        "2": 4.94876579099946,
        "3": 5.0155462920010905,
        "4": 5.012330332996498,
        "5": 4.891798208002001,
        "6": 4.872300125003676,
        "7": 4.823223291001341,
        "8": 4.811366542002361,
        "9": 4.828694125004404
    },
    "20": {
        "0": 5.196071999998821,
        "1": 5.1953242079980555,
        "2": 5.458006416003627,
        "3": 5.243769291002536,
        "4": 5.390288541995687,
        "5": 5.289109957993787,
        "6": 5.376013542001601,
        "7": 5.191017833996739,
        "8": 5.1976614160012105,
        "9": 5.195287333001033
    },
    "21": {
        "0": 5.612923459004378,
        "1": 5.611101957998471,
        "2": 5.888702584001294,
        "3": 5.760976749996189,
        "4": 5.721238624995749,
        "5": 5.798661084001651,
        "6": 5.848856958000397,
        "7": 5.657637540993164,
        "8": 5.6233247089985525,
        "9": 5.5695197919994825
    },
    "22": {
        "0": 6.007754207996186,
        "1": 6.03778612500173,
        "2": 6.291307958999823,
        "3": 6.101262000003771,
        "4": 6.262991834002605,
        "5": 6.275009791999764,
        "6": 6.173426332999952,
        "7": 6.024365208002564,
        "8": 6.057508334000886,
        "9": 5.954004166000232
    },
    "23": {
        "0": 6.440589707999607,
        "1": 6.45763358399563,
        "2": 6.665373583004111,
        "3": 6.575516040997172,
        "4": 6.7084703340005944,
        "5": 6.67253220800194,
        "6": 6.573672416998306,
        "7": 6.451773041000706,
        "8": 6.573054584005149,
        "9": 6.409517000000051
    },
    "24": {
        "0": 6.936664958004258,
        "1": 6.899942792006186,
        "2": 7.099302582995733,
        "3": 7.096582375001162,
        "4": 7.109651457998552,
        "5": 7.0401127920049476,
        "6": 7.075689292003517,
        "7": 6.900623541994719,
        "8": 6.895860000004177,
        "9": 6.8634774169986486
    },
    "25": {
        "0": 7.414718332998746,
        "1": 7.364531290993909,
        "2": 7.608416832998046,
        "3": 7.581870457994228,
        "4": 7.708863250001741,
        "5": 7.479971500004467,
        "6": 7.5224379999999655,
        "7": 7.414744333997078,
        "8": 7.327834207993874,
        "9": 7.35609454200312
    }
}
